"dataset","land_cover","scene_id","scene_id2","gee_id"
"SPARCS","shrubland","LC80010812013365LGN00","LC08_001081_20131231","LANDSAT/LC08/C02/T1_TOA/LC08_001081_20131231"
"SPARCS","forest","LC80020622013244LGN00","LC08_002062_20130901","LANDSAT/LC08/C02/T1_TOA/LC08_002062_20130901"
"SPARCS","snow/ice","LC80050152014172LGN00","LC08_005015_20140621","LANDSAT/LC08/C02/T1_TOA/LC08_005015_20140621"
"SPARCS","grass/crops","LC80050562014076LGN00","LC08_005056_20140317","LANDSAT/LC08/C02/T1_TOA/LC08_005056_20140317"
"SPARCS","forest","LC80150242014146LGN00","LC08_015024_20140526","LANDSAT/LC08/C02/T1_TOA/LC08_015024_20140526"
"SPARCS","grass/crops","LC80190352014078LGN01","LC08_019035_20140319","LANDSAT/LC08/C02/T1_TOA/LC08_019035_20140319"
"SPARCS","forest","LC80200462014213LGN00","LC08_020046_20140801","LANDSAT/LC08/C02/T1_TOA/LC08_020046_20140801"
"SPARCS","urban","LC80250402013245LGN00","LC08_025040_20130902","LANDSAT/LC08/C02/T1_TOA/LC08_025040_20130902"
"SPARCS","forest","LC80250482014072LGN00","LC08_025048_20140313","LANDSAT/LC08/C02/T1_TOA/LC08_025048_20140313"
"SPARCS","forest","LC80310432013207LGN00","LC08_031043_20130726","LANDSAT/LC08/C02/T1_TOA/LC08_031043_20130726"
"SPARCS","grass/crops","LC80320282013182LGN00","LC08_032028_20130701","LANDSAT/LC08/C02/T1_TOA/LC08_032028_20130701"
"SPARCS","shrubland","LC80340412013132LGN01","LC08_034041_20130512","LANDSAT/LC08/C02/T1_TOA/LC08_034041_20130512"
"SPARCS","shrubland","LC80380362013144LGN00","LC08_038036_20130524","LANDSAT/LC08/C02/T1_TOA/LC08_038036_20130524"
"SPARCS","grass/crops","LC80390152013215LGN00","LC08_039015_20130803","LANDSAT/LC08/C02/T1_TOA/LC08_039015_20130803"
"SPARCS","grass/crops","LC80430352013243LGN00","LC08_043035_20130831","LANDSAT/LC08/C02/T1_TOA/LC08_043035_20130831"
"SPARCS","forest","LC80470252014226LGN00","LC08_047025_20140814","LANDSAT/LC08/C02/T1_TOA/LC08_047025_20140814"
"SPARCS","water","LC80500162014247LGN00","LC08_050016_20140904","LANDSAT/LC08/C02/T1_TOA/LC08_050016_20140904"
"SPARCS","forest","LC80630462013191LGN00","LC08_063046_20130710","LANDSAT/LC08/C02/T1_TOA/LC08_063046_20130710"
"SPARCS","water","LC80750722014022LGN00","LC08_075072_20140122","LANDSAT/LC08/C02/T1_TOA/LC08_075072_20140122"
"SPARCS","water","LC80750962014038LGN00","LC08_075096_20140207","LANDSAT/LC08/C02/T1_TOA/LC08_075096_20140207"
"SPARCS","snow/ice","LC80760912014013LGN00","LC08_076091_20140113","LANDSAT/LC08/C02/T1_TOA/LC08_076091_20140113"
"SPARCS","forest","LC80800142014169LGN00","LC08_080014_20140618","LANDSAT/LC08/C02/T1_TOA/LC08_080014_20140618"
"SPARCS","forest","LC80900832013220LGN00","LC08_090083_20130808","LANDSAT/LC08/C02/T1_TOA/LC08_090083_20130808"
"SPARCS","forest","LC80910892014006LGN00","LC08_091089_20140106","LANDSAT/LC08/C02/T1_TOA/LC08_091089_20140106"
"SPARCS","barren","LC80940802014092LGN00","LC08_094080_20140402","LANDSAT/LC08/C02/T1_TOA/LC08_094080_20140402"
"SPARCS","barren","LC80980732014008LGN00","LC08_098073_20140108","LANDSAT/LC08/C02/T1_TOA/LC08_098073_20140108"
"SPARCS","water","LC81020642014004LGN00","LC08_102064_20140104","LANDSAT/LC08/C02/T1_TOA/LC08_102064_20140104"
"SPARCS","barren","LC81060772014064LGN00","LC08_106077_20140305","LANDSAT/LC08/C02/T1_TOA/LC08_106077_20140305"
"SPARCS","grass/crops","LC81110822013288LGN00","LC08_111082_20131015","LANDSAT/LC08/C02/T1_TOA/LC08_111082_20131015"
"SPARCS","forest","LC81130672013142LGN01","LC08_113067_20130522","LANDSAT/LC08/C02/T1_TOA/LC08_113067_20130522"
"SPARCS","grass/crops","LC81140272013261LGN00","LC08_114027_20130918","LANDSAT/LC08/C02/T1_TOA/LC08_114027_20130918"
"SPARCS","forest","LC81140622013277LGN00","LC08_114062_20131004","LANDSAT/LC08/C02/T1_TOA/LC08_114062_20131004"
"SPARCS","forest","LC81180602014116LGN00","LC08_118060_20140426","LANDSAT/LC08/C02/T1_TOA/LC08_118060_20140426"
"SPARCS","forest","LC81220242014240LGN00","LC08_122024_20140828","LANDSAT/LC08/C02/T1_TOA/LC08_122024_20140828"
"SPARCS","grass/crops","LC81230362013276LGN00","LC08_123036_20131003","LANDSAT/LC08/C02/T1_TOA/LC08_123036_20131003"
"SPARCS","water","LC81250542014181LGN00","LC08_125054_20140630","LANDSAT/LC08/C02/T1_TOA/LC08_125054_20140630"
"SPARCS","forest","LC81250622013178LGN01","LC08_125062_20130627","LANDSAT/LC08/C02/T1_TOA/LC08_125062_20130627"
"SPARCS","barren","LC81280422014074LGN00","LC08_128042_20140315","LANDSAT/LC08/C02/T1_TOA/LC08_128042_20140315"
"SPARCS","water","LC81330492014141LGN00","LC08_133049_20140521","LANDSAT/LC08/C02/T1_TOA/LC08_133049_20140521"
"SPARCS","forest","LC81340422013257LGN00","LC08_134042_20130914","LANDSAT/LC08/C02/T1_TOA/LC08_134042_20130914"
"SPARCS","forest","LC81360162013159LGN00","LC08_136016_20130608","LANDSAT/LC08/C02/T1_TOA/LC08_136016_20130608"
"SPARCS","forest","LC81360162014210LGN00","LC08_136016_20140729","LANDSAT/LC08/C02/T1_TOA/LC08_136016_20140729"
"SPARCS","snow/ice","LC81370412014105LGN00","LC08_137041_20140415","LANDSAT/LC08/C02/T1_TOA/LC08_137041_20140415"
"SPARCS","water","LC81370452014073LGN00","LC08_137045_20140314","LANDSAT/LC08/C02/T1_TOA/LC08_137045_20140314"
"SPARCS","barren","LC81400372014158LGN00","LC08_140037_20140607","LANDSAT/LC08/C02/T1_TOA/LC08_140037_20140607"
"SPARCS","grass/crops","LC81460442013293LGN00","LC08_146044_20131020","LANDSAT/LC08/C02/T1_TOA/LC08_146044_20131020"
"SPARCS","snow/ice","LC81480352013195LGN00","LC08_148035_20130714","LANDSAT/LC08/C02/T1_TOA/LC08_148035_20130714"
"SPARCS","snow/ice","LC81490372013362LGN00","LC08_149037_20131228","LANDSAT/LC08/C02/T1_TOA/LC08_149037_20131228"
"SPARCS","barren","LC81500412014244LGN00","LC08_150041_20140901","LANDSAT/LC08/C02/T1_TOA/LC08_150041_20140901"
"SPARCS","water","LC81500442013145LGN00","LC08_150044_20130525","LANDSAT/LC08/C02/T1_TOA/LC08_150044_20130525"
"SPARCS","wetlands","LC81540102013205LGN00","LC08_154010_20130724","LANDSAT/LC08/C02/T1_TOA/LC08_154010_20130724"
"SPARCS","wetlands","LC81550232014135LGN00","LC08_155023_20140515","LANDSAT/LC08/C02/T1_TOA/LC08_155023_20140515"
"SPARCS","barren","LC81580442014140LGN00","LC08_158044_20140520","LANDSAT/LC08/C02/T1_TOA/LC08_158044_20140520"
"SPARCS","shrubland","LC81610712013222LGN00","LC08_161071_20130810","LANDSAT/LC08/C02/T1_TOA/LC08_161071_20130810"
"SPARCS","urban","LC81660432014100LGN00","LC08_166043_20140410","LANDSAT/LC08/C02/T1_TOA/LC08_166043_20140410"
"SPARCS","barren","LC81670512014091LGN00","LC08_167051_20140401","LANDSAT/LC08/C02/T1_TOA/LC08_167051_20140401"
"SPARCS","grass/crops","LC81700252014080LGN00","LC08_170025_20140321","LANDSAT/LC08/C02/T1_TOA/LC08_170025_20140321"
"SPARCS","grass/crops","LC81700802014016LGN00","LC08_170080_20140116","LANDSAT/LC08/C02/T1_TOA/LC08_170080_20140116"
"SPARCS","water","LC81720642014334LGN00","LC08_172064_20141130","LANDSAT/LC08/C02/T1_TOA/LC08_172064_20141130"
"SPARCS","forest","LC81730542014277LGN00","LC08_173054_20141004","LANDSAT/LC08/C02/T1_TOA/LC08_173054_20141004"
"SPARCS","shrubland","LC81730742014085LGN00","LC08_173074_20140326","LANDSAT/LC08/C02/T1_TOA/LC08_173074_20140326"
"SPARCS","grass/crops","LC81750832014067LGN00","LC08_175083_20140308","LANDSAT/LC08/C02/T1_TOA/LC08_175083_20140308"
"SPARCS","grass/crops","LC81800332013147LGN00","LC08_180033_20130527","LANDSAT/LC08/C02/T1_TOA/LC08_180033_20130527"
"SPARCS","water","LC81810592013218LGN00","LC08_181059_20130806","LANDSAT/LC08/C02/T1_TOA/LC08_181059_20130806"
"SPARCS","grass/crops","LC81830242014091LGN00","LC08_183024_20140401","LANDSAT/LC08/C02/T1_TOA/LC08_183024_20140401"
"SPARCS","water","LC81830642014203LGN00","LC08_183064_20140722","LANDSAT/LC08/C02/T1_TOA/LC08_183064_20140722"
"SPARCS","barren","LC81860432014224LGN00","LC08_186043_20140812","LANDSAT/LC08/C02/T1_TOA/LC08_186043_20140812"
"SPARCS","snow/ice","LC81950282013156LGN00","LC08_195028_20130605","LANDSAT/LC08/C02/T1_TOA/LC08_195028_20130605"
"SPARCS","shrubland","LC81950502014223LGN00","LC08_195050_20140811","LANDSAT/LC08/C02/T1_TOA/LC08_195050_20140811"
"SPARCS","grass/crops","LC82010332014105LGN00","LC08_201033_20140415","LANDSAT/LC08/C02/T1_TOA/LC08_201033_20140415"
"SPARCS","snow/ice","LC82151102013360LGN00","LC08_215110_20131226","LANDSAT/LC08/C02/T1_TOA/LC08_215110_20131226"
"SPARCS","shrubland","LC82160662014146LGN00","LC08_216066_20140526","LANDSAT/LC08/C02/T1_TOA/LC08_216066_20140526"
"SPARCS","snow/ice","LC82170152014249LGN00","LC08_217015_20140906","LANDSAT/LC08/C02/T1_TOA/LC08_217015_20140906"
"SPARCS","grass/crops","LC82210662014229LGN00","LC08_221066_20140817","LANDSAT/LC08/C02/T1_TOA/LC08_221066_20140817"
"SPARCS","wetlands","LC82260732013357LGN00","LC08_226073_20131223","LANDSAT/LC08/C02/T1_TOA/LC08_226073_20131223"
"SPARCS","water","LC82290562014157LGN00","LC08_229056_20140606","LANDSAT/LC08/C02/T1_TOA/LC08_229056_20140606"
"SPARCS","grass/crops","LC82290782013282LGN00","LC08_229078_20131009","LANDSAT/LC08/C02/T1_TOA/LC08_229078_20131009"
"SPARCS","shrubland","LC82290872014013LGN00","LC08_229087_20140113","LANDSAT/LC08/C02/T1_TOA/LC08_229087_20140113"
"SPARCS","snow/ice","LC82310942013344LGN00","LC08_231094_20131210","LANDSAT/LC08/C02/T1_TOA/LC08_231094_20131210"
"SPARCS","barren","LC82320772014306LGN00","LC08_232077_20141102","LANDSAT/LC08/C02/T1_TOA/LC08_232077_20141102"
"Biome8","barren","LC80420082013220LGN00","LC08_042008_20130808","LANDSAT/LC08/C02/T1_TOA/LC08_042008_20130808"
"Biome8","barren","LC80500092014231LGN00","LC08_050009_20140819","LANDSAT/LC08/C02/T1_TOA/LC08_050009_20140819"
"Biome8","barren","LC80530022014156LGN00","LC08_053002_20140605","LANDSAT/LC08/C02/T1_TOA/LC08_053002_20140605"
"Biome8","barren","LC81330312013202LGN00","LC08_133031_20130721","LANDSAT/LC08/C02/T1_TOA/LC08_133031_20130721"
"Biome8","barren","LC81360302014162LGN00","LC08_136030_20140611","LANDSAT/LC08/C02/T1_TOA/LC08_136030_20140611"
"Biome8","barren","LC81390292014135LGN00","LC08_139029_20140515","LANDSAT/LC08/C02/T1_TOA/LC08_139029_20140515"
"Biome8","barren","LC81550082014263LGN00","LC08_155008_20140920","LANDSAT/LC08/C02/T1_TOA/LC08_155008_20140920"
"Biome8","barren","LC81570452014213LGN00","LC08_157045_20140801","LANDSAT/LC08/C02/T1_TOA/LC08_157045_20140801"
"Biome8","barren","LC81640502013179LGN01","LC08_164050_20130628","LANDSAT/LC08/C02/T1_TOA/LC08_164050_20130628"
"Biome8","barren","LC81750432013144LGN00","LC08_175043_20130524","LANDSAT/LC08/C02/T1_TOA/LC08_175043_20130524"
"Biome8","barren","LC81930452013126LGN01","LC08_193045_20130506","LANDSAT/LC08/C02/T1_TOA/LC08_193045_20130506"
"Biome8","barren","LC81990402014267LGN00","LC08_199040_20140924","LANDSAT/LC08/C02/T1_TOA/LC08_199040_20140924"
"Biome8","forrest","LC80070662014234LGN00","LC08_007066_20140822","LANDSAT/LC08/C02/T1_TOA/LC08_007066_20140822"
"Biome8","forrest","LC80160502014041LGN00","LC08_016050_20140210","LANDSAT/LC08/C02/T1_TOA/LC08_016050_20140210"
"Biome8","forrest","LC80200462014005LGN00","LC08_020046_20140105","LANDSAT/LC08/C02/T1_TOA/LC08_020046_20140105"
"Biome8","forrest","LC80500172014247LGN00","LC08_050017_20140904","LANDSAT/LC08/C02/T1_TOA/LC08_050017_20140904"
"Biome8","forrest","LC81170272014189LGN00","LC08_117027_20140708","LANDSAT/LC08/C02/T1_TOA/LC08_117027_20140708"
"Biome8","forrest","LC81310182013108LGN01","LC08_131018_20130418","LANDSAT/LC08/C02/T1_TOA/LC08_131018_20130418"
"Biome8","forrest","LC81330182013186LGN00","LC08_133018_20130705","LANDSAT/LC08/C02/T1_TOA/LC08_133018_20130705"
"Biome8","forrest","LC81720192013331LGN00","LC08_172019_20131127","LANDSAT/LC08/C02/T1_TOA/LC08_172019_20131127"
"Biome8","forrest","LC81750622013304LGN00","LC08_175062_20131031","LANDSAT/LC08/C02/T1_TOA/LC08_175062_20131031"
"Biome8","forrest","LC81800662014230LGN00","LC08_180066_20140818","LANDSAT/LC08/C02/T1_TOA/LC08_180066_20140818"
"Biome8","forrest","LC82290572014141LGN00","LC08_229057_20140521","LANDSAT/LC08/C02/T1_TOA/LC08_229057_20140521"
"Biome8","forrest","LC82310592014139LGN00","LC08_231059_20140519","LANDSAT/LC08/C02/T1_TOA/LC08_231059_20140519"
"Biome8","Grass/crops","LC80290292014132LGN00","LC08_029029_20140512","LANDSAT/LC08/C02/T1_TOA/LC08_029029_20140512"
"Biome8","Grass/crops","LC80290372013257LGN00","LC08_029037_20130914","LANDSAT/LC08/C02/T1_TOA/LC08_029037_20130914"
"Biome8","Grass/crops","LC80980712014024LGN00","LC08_098071_20140124","LANDSAT/LC08/C02/T1_TOA/LC08_098071_20140124"
"Biome8","Grass/crops","LC81220312014208LGN00","LC08_122031_20140727","LANDSAT/LC08/C02/T1_TOA/LC08_122031_20140727"
"Biome8","Grass/crops","LC81220422014096LGN00","LC08_122042_20140406","LANDSAT/LC08/C02/T1_TOA/LC08_122042_20140406"
"Biome8","Grass/crops","LC81320352013243LGN00","LC08_132035_20130831","LANDSAT/LC08/C02/T1_TOA/LC08_132035_20130831"
"Biome8","Grass/crops","LC81440462014250LGN00","LC08_144046_20140907","LANDSAT/LC08/C02/T1_TOA/LC08_144046_20140907"
"Biome8","Grass/crops","LC81490432014141LGN00","LC08_149043_20140521","LANDSAT/LC08/C02/T1_TOA/LC08_149043_20140521"
"Biome8","Grass/crops","LC81510262014139LGN00","LC08_151026_20140519","LANDSAT/LC08/C02/T1_TOA/LC08_151026_20140519"
"Biome8","Grass/crops","LC81750512013208LGN00","LC08_175051_20130727","LANDSAT/LC08/C02/T1_TOA/LC08_175051_20130727"
"Biome8","Grass/crops","LC81820302014180LGN00","LC08_182030_20140629","LANDSAT/LC08/C02/T1_TOA/LC08_182030_20140629"
"Biome8","Grass/crops","LC82020522013141LGN01","LC08_202052_20130521","LANDSAT/LC08/C02/T1_TOA/LC08_202052_20130521"
"Biome8","shrubland","LC80010732013109LGN00","LC08_001073_20130419","LANDSAT/LC08/C02/T1_TOA/LC08_001073_20130419"
"Biome8","shrubland","LC80320382013278LGN00","LC08_032038_20131005","LANDSAT/LC08/C02/T1_TOA/LC08_032038_20131005"
"Biome8","shrubland","LC80350192014190LGN00","LC08_035019_20140709","LANDSAT/LC08/C02/T1_TOA/LC08_035019_20140709"
"Biome8","shrubland","LC80630152013207LGN00","LC08_063015_20130726","LANDSAT/LC08/C02/T1_TOA/LC08_063015_20130726"
"Biome8","shrubland","LC80670172014206LGN00","LC08_067017_20140725","LANDSAT/LC08/C02/T1_TOA/LC08_067017_20140725"
"Biome8","shrubland","LC80750172013163LGN00","LC08_075017_20130612","LANDSAT/LC08/C02/T1_TOA/LC08_075017_20130612"
"Biome8","shrubland","LC80760182013170LGN00","LC08_076018_20130619","LANDSAT/LC08/C02/T1_TOA/LC08_076018_20130619"
"Biome8","shrubland","LC80980762014216LGN00","LC08_098076_20140804","LANDSAT/LC08/C02/T1_TOA/LC08_098076_20140804"
"Biome8","shrubland","LC81020802014100LGN00","LC08_102080_20140410","LANDSAT/LC08/C02/T1_TOA/LC08_102080_20140410"
"Biome8","shrubland","LC81490122013218LGN00","LC08_149012_20130806","LANDSAT/LC08/C02/T1_TOA/LC08_149012_20130806"
"Biome8","shrubland","LC81590362014051LGN00","LC08_159036_20140220","LANDSAT/LC08/C02/T1_TOA/LC08_159036_20140220"
"Biome8","shrubland","LC81600462013215LGN00","LC08_160046_20130803","LANDSAT/LC08/C02/T1_TOA/LC08_160046_20130803"
"Biome8","snow/ice","LC80010112014080LGN00","LC08_001011_20140321","LANDSAT/LC08/C02/T1_TOA/LC08_001011_20140321"
"Biome8","snow/ice","LC80060102014147LGN00","LC08_006010_20140527","LANDSAT/LC08/C02/T1_TOA/LC08_006010_20140527"
"Biome8","snow/ice","LC80211222013361LGN00","LC08_021122_20131227","LANDSAT/LC08/C02/T1_TOA/LC08_021122_20131227"
"Biome8","snow/ice","LC80250022014232LGN00","LC08_025002_20140820","LANDSAT/LC08/C02/T1_TOA/LC08_025002_20140820"
"Biome8","snow/ice","LC80441162013330LGN00","LC08_044116_20131126","LANDSAT/LC08/C02/T1_TOA/LC08_044116_20131126"
"Biome8","snow/ice","LC80841202014309LGN00","LC08_084120_20141105","LANDSAT/LC08/C02/T1_TOA/LC08_084120_20141105"
"Biome8","snow/ice","LC81001082014022LGN00","LC08_100108_20140122","LANDSAT/LC08/C02/T1_TOA/LC08_100108_20140122"
"Biome8","snow/ice","LC81321192014054LGN00","LC08_132119_20140223","LANDSAT/LC08/C02/T1_TOA/LC08_132119_20140223"
"Biome8","snow/ice","LC82001192013335LGN00","LC08_200119_20131201","LANDSAT/LC08/C02/T1_TOA/LC08_200119_20131201"
"Biome8","snow/ice","LC82171112014297LGN00","LC08_217111_20141024","LANDSAT/LC08/C02/T1_TOA/LC08_217111_20141024"
"Biome8","snow/ice","LC82271192014287LGN00","LC08_227119_20141014","LANDSAT/LC08/C02/T1_TOA/LC08_227119_20141014"
"Biome8","snow/ice","LC82320072014226LGN00","LC08_232007_20140814","LANDSAT/LC08/C02/T1_TOA/LC08_232007_20140814"
"Biome8","Urban","LC80150312014226LGN00","LC08_015031_20140814","LANDSAT/LC08/C02/T1_TOA/LC08_015031_20140814"
"Biome8","Urban","LC80170312013157LGN00","LC08_017031_20130606","LANDSAT/LC08/C02/T1_TOA/LC08_017031_20130606"
"Biome8","Urban","LC80410372013357LGN00","LC08_041037_20131223","LANDSAT/LC08/C02/T1_TOA/LC08_041037_20131223"
"Biome8","Urban","LC80460282014171LGN00","LC08_046028_20140620","LANDSAT/LC08/C02/T1_TOA/LC08_046028_20140620"
"Biome8","Urban","LC80640452014041LGN00","LC08_064045_20140210","LANDSAT/LC08/C02/T1_TOA/LC08_064045_20140210"
"Biome8","Urban","LC81180382014244LGN00","LC08_118038_20140901","LANDSAT/LC08/C02/T1_TOA/LC08_118038_20140901"
"Biome8","Urban","LC81620432014072LGN00","LC08_162043_20140313","LANDSAT/LC08/C02/T1_TOA/LC08_162043_20140313"
"Biome8","Urban","LC81660432014020LGN00","LC08_166043_20140120","LANDSAT/LC08/C02/T1_TOA/LC08_166043_20140120"
"Biome8","Urban","LC81770262013254LGN00","LC08_177026_20130911","LANDSAT/LC08/C02/T1_TOA/LC08_177026_20130911"
"Biome8","Urban","LC81920192013103LGN01","LC08_192019_20130413","LANDSAT/LC08/C02/T1_TOA/LC08_192019_20130413"
"Biome8","Urban","LC81940222013245LGN00","LC08_194022_20130902","LANDSAT/LC08/C02/T1_TOA/LC08_194022_20130902"
"Biome8","Urban","LC81970242013218LGN00","LC08_197024_20130806","LANDSAT/LC08/C02/T1_TOA/LC08_197024_20130806"
"Biome8","Water","LC80120552013202LGN00","LC08_012055_20130721","LANDSAT/LC08/C02/T1_TOA/LC08_012055_20130721"
"Biome8","Water","LC80180082014215LGN00","LC08_018008_20140803","LANDSAT/LC08/C02/T1_TOA/LC08_018008_20140803"
"Biome8","Water","LC80210072014236LGN00","LC08_021007_20140824","LANDSAT/LC08/C02/T1_TOA/LC08_021007_20140824"
"Biome8","Water","LC80430122014214LGN00","LC08_043012_20140802","LANDSAT/LC08/C02/T1_TOA/LC08_043012_20140802"
"Biome8","Water","LC80650182013237LGN00","LC08_065018_20130825","LANDSAT/LC08/C02/T1_TOA/LC08_065018_20130825"
"Biome8","Water","LC81040622014066LGN00","LC08_104062_20140307","LANDSAT/LC08/C02/T1_TOA/LC08_104062_20140307"
"Biome8","Water","LC81130632014241LGN00","LC08_113063_20140829","LANDSAT/LC08/C02/T1_TOA/LC08_113063_20140829"
"Biome8","Water","LC81240462014238LGN00","LC08_124046_20140826","LANDSAT/LC08/C02/T1_TOA/LC08_124046_20140826"
"Biome8","Water","LC81620582014104LGN00","LC08_162058_20140414","LANDSAT/LC08/C02/T1_TOA/LC08_162058_20140414"
"Biome8","Water","LC81660032014196LGN00","LC08_166003_20140715","LANDSAT/LC08/C02/T1_TOA/LC08_166003_20140715"
"Biome8","Water","LC81910182013240LGN00","LC08_191018_20130828","LANDSAT/LC08/C02/T1_TOA/LC08_191018_20130828"
"Biome8","Water","LC82150712013152LGN00","LC08_215071_20130601","LANDSAT/LC08/C02/T1_TOA/LC08_215071_20130601"
"Biome8","wetlands","LC80310202013223LGN00","LC08_031020_20130811","LANDSAT/LC08/C02/T1_TOA/LC08_031020_20130811"
"Biome8","wetlands","LC80340192014167LGN00","LC08_034019_20140616","LANDSAT/LC08/C02/T1_TOA/LC08_034019_20140616"
"Biome8","wetlands","LC81010142014189LGN00","LC08_101014_20140708","LANDSAT/LC08/C02/T1_TOA/LC08_101014_20140708"
"Biome8","wetlands","LC81020152014036LGN00","LC08_102015_20140205","LANDSAT/LC08/C02/T1_TOA/LC08_102015_20140205"
"Biome8","wetlands","LC81030162014107LGN00","LC08_103016_20140417","LANDSAT/LC08/C02/T1_TOA/LC08_103016_20140417"
"Biome8","wetlands","LC81070152013260LGN00","LC08_107015_20130917","LANDSAT/LC08/C02/T1_TOA/LC08_107015_20130917"
"Biome8","wetlands","LC81080162013171LGN00","LC08_108016_20130620","LANDSAT/LC08/C02/T1_TOA/LC08_108016_20130620"
"Biome8","wetlands","LC81080182014238LGN00","LC08_108018_20140826","LANDSAT/LC08/C02/T1_TOA/LC08_108018_20140826"
"Biome8","wetlands","LC81460162014168LGN00","LC08_146016_20140617","LANDSAT/LC08/C02/T1_TOA/LC08_146016_20140617"
"Biome8","wetlands","LC81500152013225LGN00","LC08_150015_20130813","LANDSAT/LC08/C02/T1_TOA/LC08_150015_20130813"
"Biome8","wetlands","LC81580172013201LGN00","LC08_158017_20130720","LANDSAT/LC08/C02/T1_TOA/LC08_158017_20130720"
"Biome8","wetlands","LC81750732014035LGN00","LC08_175073_20140204","LANDSAT/LC08/C02/T1_TOA/LC08_175073_20140204"
